"","x"
"2046",0.225
"2867",0.027
"4412",0.122
"1553",0.234
"5086",0.034
"4842",0.218
"476",0.179
"1585",0.129
"1359",0.07
"5284",0.205
"2954",0.072
"3827",0.098
"5517",0.118
"7624",0.116
"2921",0.187
"965",0.066
"2965",0.115
"103",0.188
"2936",0.042
"2612",0.031
"3700",0.074
"4600",0.171
"3786",0.084
"1429",0.104
"5126",0.188
"6090",0.201
"5548",0.116
"6291",0.164
"4958",0.23
"4237",0.204
"4058",0.057
"179",0.267
"5303",0.255
"3656",0.039
"3352",0.043
"541",0.012
"761",0.211
"2419",0.219
"3966",0.021
"5062",0.181
"3110",0.022
"6978",0.113
"3508",0.127
"4972",0.11
"5852",0.137
"644",0.083
"6407",0.141
"2547",0.162
"3635",0.014
"2975",0.045
"7324",0.242
"3314",0.057
"5431",0.088
"3049",0.171
"2480",0.155
"5769",0.263
"1545",0.19
"1825",0.064
"449",0.121
"4889",0.188
"5927",0.096
"3464",0.272
"3120",0.118
"4978",0.267
"2686",0.197
"2055",0.034
"4814",0.042
"3632",0.107
"7413",0.225
"5556",0.088
"2708",0.307
"3275",0.022
"1125",0.122
"5429",0.16
"7522",0.171
"3758",0.211
"3672",0.079
"1315",0.087
"3440",0.022
"3874",0.017
"1573",0.068
"1733",0.07
"4354",0.17
"584",0.01
"270",0.246
"4866",0.132
"4527",0.141
"7453",0.109
"3840",0.205
"4549",0.161
"1807",0.218
"1952",0.035
"3421",0.04
"1324",0.04
"5643",0.135
"794",0.135
"6531",0.148
"4643",0.052
"2483",0.247
"3422",0.058
"3778",0.4
"1366",0.065
"3998",0.113
"569",0.164
"2096",0.043
"1605",0.176
"2149",0.054
"6751",0.25
"3366",0.044
"5882",0.179
"3115",0.036
"5454",0.041
"4749",0.263
"6448",0.116
"2947",0.156
"2865",0.118
"4555",0.103
"6795",0.06
"2210",0.141
"1439",0.099
"6595",0.16
"1423",0.251
"4116",0.024
"2922",0.109
"758",0.03
"829",0.132
"6309",0.175
"2387",0.213
"5875",0.141
"1641",0.011
"3877",0.044
"2018",0.084
"3889",0.088
"4220",0.128
"969",0.083
"1922",0.215
"5381",0.188
"751",0.173
"5718",0.019
"6131",0.205
"2309",0.046
"4864",0.181
"2545",0.141
"1965",0.041
"1238",0.076
"2411",0.11
"3816",0.073
"1927",0.043
"2595",0.123
"7597",0.177
"4717",0.109
"2914",0.034
"4143",0.029
"3208",0.141
"3380",0.06
"2287",0.041
"6793",0.185
"3096",0.156
"1574",0.144
"3198",0.122
"3431",0.01
"7569",0.194
"5679",0.3
"7641",0.116
"811",0.056
"1845",0.173
"3712",0.188
"2776",0.14
"6958",0.17
"3901",0.041
"2361",0.148
"2069",0.226
"5860",0.224
"5226",0.188
"1228",0.006
"463",0.058
"2837",0.113
"1258",0.042
"2219",0.082
"1428",0.22
"1911",0.044
"1346",0.157
"3545",0.214
"207",0.261
"3914",0.025
"356",0.273
"1029",0.132
"981",0.027
"7502",0.051
"1679",0.098
"975",0.188
"2424",0.111
"3756",0.151
"5049",0.147
"735",0.153
"881",0.155
"374",0.323
"4988",0.072
"703",0.012
"3646",0.184
"3416",0.223
"7333",0.242
"1305",0.026
"507",0.022
"2961",0.051
"1044",0.044
"5321",0.172
"3658",0.199
"614",0.212
"2614",0.04
"7435",0.053
"2307",0.025
"2995",0.364
"6310",0.103
"5993",0.141
"5770",0.266
"5621",0.263
"2165",0.181
"2944",0.197
"5986",0.141
"2680",0.275
"3261",0.018
"4288",0.034
"7286",0.114
"1300",0.038
"4976",0.127
"1982",0.237
"3453",0.042
"1264",0.008
"2716",0.104
"5335",0.135
"3575",0.195
"5768",0.15
"3075",0.168
"2079",0.166
"605",0.143
"6512",0.188
"3466",0.22
"802",0.166
"2447",0.158
"523",0.068
"3205",0.022
"4122",0.053
"6807",0.038
"1690",0.049
"6336",0.172
"1298",0.223
"3147",0.064
"4132",0.031
"4804",0.125
"1700",0.091
"1763",0.078
"5831",0.188
"6085",0.16
"1078",0.025
"1051",0.008
"3707",0.231
"1132",0.028
"2546",0.134
"4822",0.1
"2278",0.062
"2569",0.042
"1080",0.04
"4812",0.095
"1352",0.079
"6968",0.061
"6555",0.114
"5282",0.092
"2703",0.12
"7517",0.131
"82",0.12
"6859",0.105
"2607",0.079
"5452",0.16
"5146",0.075
"3468",0.108
"3605",0.04
"2245",0.164
"5994",0.058
"3167",0.048
"621",0.07
"6786",0.188
"6100",0.155
"6397",0.141
"7628",0.116
"527",0.035
"2754",0.236
"3911",0.114
"764",0.15
"5827",0.118
"5375",0.102
"379",0.016
"302",0.159
"2135",0.179
"3637",0.158
"1919",0.078
"3071",0.054
"2661",0.312
"898",0.107
"509",0.158
"3210",0.061
"2685",0.215
"1235",0.017
"393",0.025
"4768",0.17
"4375",0.118
"3443",0.12
"14",0.17
"3197",0.044
"1889",0.044
"7461",0.109
"5181",0.246
"1181",0.023
"3446",0.07
"4994",0.115
"3334",0.057
"2872",0.213
"852",0.17
"1736",0.106
"6242",0.153
"3151",0.061
"3598",0.1
"5492",0.194
"1123",0.152
"6134",0.16
"1370",0.118
"7532",0.116
"968",0.089
"165",0.114
"2113",0.282
"1185",0
"2878",0.013
"3313",0.057
"6098",0.115
"398",0.132
"3992",0.035
"4957",0.175
"4739",0.158
"4777",0.19
"3400",0.108
"2895",0.102
"6114",0.141
"5445",0.29
"3832",0.107
"6288",0.141
"59",0.042
"5233",0.16
"5152",0.129
"1348",0.07
"2410",0.137
"4583",0.093
"5957",0.067
"5092",0.246
"2503",0.07
"2787",0.133
"5774",0.293
"4351",0.25
"211",0.036
"2413",0.102
"1991",0.075
"310",0.134
"2415",0.069
"1245",0.082
"4455",0.157
"2850",0.217
"6845",0.038
"2354",0.128
"1412",0.062
"7129",0.093
"2715",0.222
"4093",0.104
"79",0.265
"2735",0.089
"673",0.011
"5868",0.194
"5925",0.096
"4677",0.123
"949",0.088
"5222",0.094
"4970",0.065
"1725",0.091
"2004",0.034
"6832",0.11
"1130",0.072
"1798",0.196
"674",0.029
"3745",0.121
"2910",0.12
"6759",0.202
"252",0.034
"2957",0.051
"548",0.182
"5042",0.16
"5533",0.188
"4636",0.188
"3411",0.035
"3518",0.206
"2699",0.23
"3201",0.268
"6920",0.206
"2489",0.059
"6747",0.118
"757",0.164
"2455",0.024
"3780",0.033
"7478",0.109
"2877",0.076
"1083",0.165
"7481",0.251
"4440",0.165
"407",0.184
"1506",0.094
"967",0.103
"2300",0.035
"4396",0.072
"1812",0.024
"3437",0.052
"7608",0.194
"2623",0.093
"2222",0.115
"5858",0.073
"3195",0.059
"2233",0.141
"692",0.119
"2131",0.11
"6587",0.199
"5594",0.21
"1586",0.163
"218",0.07
"6083",0.132
"4834",0.12
"5946",0.188
"2552",0.072
"2767",0.182
"4002",0.049
"671",0.132
"4144",0.065
"5295",0.124
"6109",0.141
"2619",0.009
"5626",0.184
"411",0.038
"4389",0.257
"2511",0.03
"4138",0.169
"6431",0.25
"1404",0.103
"2597",0.087
"4723",0.088
"5403",0.08
"3673",0.107
"5823",0.091
"3706",0.076
"2952",0.13
"7308",0.159
"868",0.135
"2095",0.207
"1944",0.01
"5410",0.194
"3619",0.044
"4193",0.177
"2710",0.065
"2990",0.246
"83",0.073
"6449",0.116
"3558",0.142
"5751",0.15
"4195",0.099
"2973",0.04
"3920",0.039
"5530",0.095
"1176",0.106
"3317",0.057
"6511",0.188
"7506",0.025
"513",0.179
"2964",0.07
"3714",0.216
"7519",0.174
"3288",0.064
"5474",0.026
"3063",0.062
"3016",0.057
"193",0.11
"1024",0.146
"1833",0.179
"5939",0.16
"2328",0.25
"4035",0.106
"3019",0.06
"360",0.188
"3822",0.018
"5237",0.135
"354",0.103
"2075",0.042
"7389",0.132
"7290",0.031
"298",0.11
"2429",0.109
"7392",0.132
"845",0.212
"6273",0.083
"894",0.087
"1337",0.088
"3022",0.133
"3114",0.016
"5396",0.104
"1099",0.064
"1431",0.131
"3922",0.036
"5044",0.179
"6075",0.181
"4913",0.156
"3311",0.004
"116",0.07
"2969",0.111
"197",0.167
"5218",0.126
"1445",0.266
"6921",0.206
"6281",0.15
"5059",0.172
"3270",0.057
"5968",0.093
"6938",0.188
"4292",0.103
"2022",0.052
"1229",0.078
"401",0.203
"6527",0.116
"3579",0.082
"4320",0.206
"1639",0.235
"5570",0.179
"2405",0.01
"7625",0.116
"238",0.035
"6701",0.188
"5142",0.11
"1886",0.175
"2335",0.13
"219",0.011
"2438",0.098
"2669",0.118
"2460",0.148
"2644",0.061
"3764",0.141
"1672",0.154
"4937",0.123
"3815",0.368
"5640",0.084
"5983",0.141
"247",0.015
"2524",0.036
"2102",0.01
"5004",0.23
"4810",0.094
"6254",0.199
"5349",0.18
"3962",0.132
"525",0.039
"7284",0.114
"3470",0.188
"924",0.044
"1638",0.151
"3362",0.094
"3252",0.046
"7571",0.171
"4418",0.222
"4906",0.188
"7683",0.116
"7476",0.109
"6716",0.126
"1492",0.116
"248",0.043
"1786",0.109
"6922",0.206
"1697",0.065
"1608",0.149
"144",0.089
"4733",0.159
"2720",0.247
"3351",0.043
"4314",0.218
"6867",0.083
"2880",0.197
"5560",0.156
"3345",0.035
"78",0.175
"1766",0.121
"3104",0.031
"6761",0.202
"2267",0.19
"6446",0.116
"6561",0.205
"5475",0.057
"2254",0.03
"9",0.106
"586",0.177
"90",0.096
"812",0.163
"4041",0.216
"66",0.134
"5660",0.098
"1856",0.051
"1280",0.246
"1535",0.006
"422",0.155
"408",0.08
"3550",0.142
"5361",0.109
"4719",0.116
"122",0.285
"3002",0.301
"1070",0.079
"2207",0.148
"6585",0.199
"266",0.246
"6058",0.143
"5575",0.11
"4909",0.087
"1958",0.066
"3401",0.06
"2902",0.042
"7322",0.089
"6272",0.126
"7329",0.242
"1841",0.096
"7359",0.259
"6298",0.4
"3131",0.046
"2111",0.101
"1407",0.015
"2780",0.012
"3085",0.214
"2811",0.097
"4530",0.213
"5114",0.188
"5538",0.245
"633",0.224
"1202",0.039
"4336",0.206
"1771",0.157
"5963",0.132
"1267",0.236
"3298",0.056
"67",0.133
"2431",0.065
"2982",0.094
"848",0.243
"1615",0.027
"2417",0.01
"2920",0.21
"448",0.041
"4685",0.195
"5387",0.102
"1075",0.05
"7653",0.122
"2204",0.278
"3544",0.093
"7371",0.11
"4167",0.056
"1362",0.142
"901",0.127
"1781",0.248
"7305",0.159
"6399",0.157
"793",0.061
"262",0.135
"3379",0.032
"4381",0.062
"6981",0.124
"3425",0.178
"7602",0.16
"5991",0.141
"5864",0.095
"1983",0.194
"887",0.041
"1778",0.068
"39",0.232
"5477",0.105
"1167",0.046
"5632",0.052
"1114",0.061
"5103",0.076
"3465",0.034
"2291",0.1
"4706",0.174
"3948",0.009
"3132",0.056
"7642",0.116
"6456",0.11
"2382",0.167
"3420",0.046
"5886",0.233
"1018",0.072
"1536",0.219
"1253",0.073
"7501",0.051
"307",0.117
"5859",0.205
"5000",0.185
"6720",0.141
"3701",0.222
"533",0.156
"775",0.07
"5837",0.135
"1084",0.164
"2162",0.045
"1068",0.215
"3068",0.038
"1465",0.139
"4106",0.078
"5967",0.093
"3353",0.043
"4815",0.102
"2562",0.105
"2238",0.104
"2414",0.064
"4609",0.26
"5398",0.253
"3358",0.081
"745",0.155
"2734",0.053
"3133",0.023
"1600",0.05
"1981",0.104
"4656",0.246
"92",0.093
"3642",0.177
"4310",0.182
"4559",0.063
"1676",0.013
"2714",0.215
"6808",0.129
"871",0.153
"4224",0.128
"2286",0.154
"65",0.077
"4522",0.11
"6802",0.194
"3344",0.011
"2030",0.081
"2007",0.082
"739",0.062
"5251",0.173
"3232",0.11
"5481",0.164
"4990",0.117
"5935",0.185
"1832",0.171
"2931",0.124
"1789",0.082
"2169",0.05
"5677",0.164
"722",0.124
"7299",0.027
"2668",0.137
"2868",0.082
"1163",0.055
"1746",0.12
"1894",0.174
"5263",0.027
"7313",0.13
"3438",0.02
"1805",0.039
"682",0.08
"520",0.03
"4701",0.026
"5664",0.087
"6409",0.141
"1460",0.204
"799",0.092
"552",0.068
"1849",0.048
"7543",0.137
"2467",0.019
"6847",0.103
"896",0.036
"5294",0.094
"2890",0.115
"486",0.16
"4221",0.128
"1458",0.328
"268",0.246
"7363",0.259
"2911",0.12
"2523",0.079
"5987",0.141
"1135",0.047
"3996",0.131
"113",0.213
"5073",0.02
"6093",0.101
"1350",0.064
"2157",0.032
"5318",0.087
"4817",0.093
"1449",0.271
"6964",0.133
"2384",0.144
"4821",0.033
"6069",0.188
"4376",0.188
"6603",0.159
"4588",0.194
"5579",0.084
"4395",0.115
"830",0.182
"4780",0.224
"437",0.196
"1823",0.054
"2671",0.211
"6121",0.141
"3812",0.195
"637",0.04
"2268",0.042
"2270",0.161
"6451",0.197
"3451",0.096
"2175",0.113
"2034",0.094
"2476",0.098
"237",0.043
"2601",0.029
"3036",0.118
"2602",0.031
"3244",0.105
"239",0.046
"7391",0.132
"6206",0.164
"426",0.098
"875",0.183
"798",0.25
"4920",0.148
"5828",0.189
"3264",0.175
"4859",0.212
"1962",0.136
"1496",0.121
"6050",0.202
"373",0.188
"1961",0.107
"1550",0.041
"2478",0.168
"7383",0.132
"5160",0.123
"4575",0.165
"5966",0.109
"3830",0.098
"2355",0.267
"4764",0.198
"4892",0.188
"1674",0.05
"6963",0.037
"5765",0.196
"3084",0.194
"206",0.263
"3281",0.164
"2391",0.213
"3194",0.22
"135",0.064
"1027",0.043
"1313",0.05
"489",0.036
"3300",0.104
"3839",0.045
"2795",0.061
"11",0.044
"2785",0.386
"3202",0.228
"888",0.2
"7527",0.114
"2833",0.036
"5332",0.067
"1273",0.087
"4430",0.305
"1058",0.132
"472",0.03
"244",0.029
"5393",0.19
"2381",0.146
"576",0.027
"3859",0.05
"3365",0.257
"6275",0.183
"6704",0.254
"786",0.168
"5607",0.215
"7490",0.117
"462",0.033
"1516",0.115
"7525",0.127
"483",0.111
"1098",0.071
"6723",0.141
"3564",0.053
"3704",0.062
"627",0.205
"5850",0.22
"1992",0.164
"7539",0.033
"2247",0.167
"908",0.032
"3593",0.055
"7598",0.116
"2237",0.031
"5262",0.111
"5949",0.188
"5309",0.212
"943",0.078
"5210",0.206
"3995",0.167
"2971",0.111
"156",0.244
"2078",0.076
"1421",0.205
"5542",0.184
"4280",0.19
"3321",0.057
"3521",0.095
"47",0.007
"5988",0.141
"1762",0.059
"1511",0.045
"4083",0.297
"7521",0.171
"2924",0.021
"5116",0.224
"6944",0.188
"317",0.164
"1017",0.175
"563",0.132
"7640",0.116
"402",0.091
"3536",0.038
"2117",0.014
"2432",0.093
"2418",0.01
"4276",0.091
"1594",0.014
"2550",0.102
"6810",0.061
"694",0.085
"3148",0.194
"2332",0.13
"5057",0.213
"5247",0.19
"2364",0.107
"2416",0.083
"6424",0.153
"3460",0.083
"5857",0.06
"1629",0.015
"7610",0.194
"2805",0.065
"1365",0.044
"4296",0.162
"1624",0.04
"2934",0.107
"2011",0.188
"1030",0.176
"4470",0.188
"3303",0.016
"403",0.135
"4324",0.243
"4573",0.166
"7560",0.128
"2792",0.07
"2071",0.116
"899",0.17
"1878",0.113
"1015",0.1
"866",0.25
"2032",0.205
"5182",0.115
"7335",0.242
"931",0.036
"2773",0.271
"4295",0.16
"4463",0.177
"6828",0.172
"236",0.077
"566",0.257
"4423",0.126
"5401",0.255
"555",0.143
"1013",0.014
"7443",0.129
"1295",0.037
"4178",0.103
"5985",0.141
"5473",0.188
"6919",0.254
"6790",0.265
"1234",0.205
"3315",0.057
"655",0.09
"4634",0.571
"610",0.206
"3788",0.301
"130",0.011
"6589",0.16
"2513",0.15
"1567",0.148
"2593",0.15
"3064",0.139
"5306",0.156
"7568",0.194
"619",0.161
"5144",0.04
"2784",0.223
"3519",0.206
"5937",0.132
"6295",0.114
"3429",0.02
"3703",0.058
"820",0.085
"3140",0.051
"2263",0.047
"21",0.186
"296",0.25
"6513",0.188
"7534",0.116
"2939",0.248
"4049",0.224
"1005",0.024
"6811",0.225
"5300",0.177
"1476",0.056
"5223",0.188
"2150",0.031
"1375",0.09
"5372",0.201
"269",0.246
"4003",0.08
"4992",0.027
"2218",0.05
"4015",0.007
"5041",0.16
"2793",0.109
"1318",0.202
"5196",0.05
"3469",0.021
"3766",0.062
"4862",0.132
"2690",0.201
"6520",0.188
"3458",0.027
"928",0.254
"4936",0.123
"3029",0.027
"677",0.018
"29",0.16
"1456",0.181
"846",0.049
"7423",0.171
"5589",0.145
"5125",0.158
"1091",0.108
"3020",0.203
"1673",0.058
"782",0.079
"2617",0.077
"2041",0.079
"4271",0.232
"5119",0.16
"5374",0.179
"4667",0.103
"257",0.067
"5432",0.056
"3882",0.128
"3373",0.064
"589",0.22
"5320",0.172
"6311",0.038
"2473",0.153
"4791",0.071
"5929",0.098
"543",0.222
"6794",0.06
"4175",0.189
"212",0.213
"2613",0.051
"4603",0.037
"2318",0.095
"3730",0.204
"2090",0.193
"3225",0.11
"1575",0.116
"6119",0.141
"5484",0.106
"3427",0.13
"618",0.196
"1987",0.221
"7377",0.175
"478",0.132
"6268",0.188
"1772",0.157
"5824",0.181
"5760",0.141
"1730",0.12
"3265",0.056
"3509",0.08
"1547",0.111
"5298",0.116
"5955",0.116
"613",0.049
"3731",0.126
"4249",0.067
"5369",0.092
"7415",0.225
"7407",0.112
"6445",0.116
"6931",0.101
"5225",0.188
"2389",0.213
"1954",0.115
"5849",0.132
"3383",0.097
"3483",0.249
"7662",0.116
"1193",0.1
"152",0.281
"4544",0.064
"3833",0.184
"6851",0.141
"4045",0.203
"4151",0.141
"4473",0.049
"907",0.088
"1065",0.147
"54",0.187
"3801",0.036
"2235",0.089
"1665",0.16
"1034",0.061
"1221",0.329
"1330",0.053
"1019",0.112
"2262",0.194
"4709",0.186
"1917",0.059
"5013",0.183
"5971",0.105
"1277",0.237
"2615",0.051
"2264",0.035
"5771",0.159
"3831",0.088
"4816",0.164
"5490",0.092
"351",0.039
"2853",0.162
"4161",0.04
"267",0.246
"4517",0.238
"3531",0.113
"3044",0.153
"2700",0.106
"5736",0.188
"3782",0.167
"2537",0.07
"1589",0.075
"7537",0.116
"1967",0.136
"5325",0.119
"2397",0.05
"3393",0.098
"7325",0.242
"3721",0.19
"2578",0.013
"2122",0.035
"4599",0.245
"1031",0.055
"6576",0.108
"2822",0.126
"3491",0.334
"3888",0.175
"6421",0.111
"2260",0.046
"1374",0.069
"7524",0.195
"6918",0.009
"3585",0.05
"1356",0.041
"2315",0.061
"2060",0.055
"664",0.026
"1509",0.108
"1105",0.036
"4410",0.3
"3814",0.06
"5246",0.199
"2897",0.214
"1060",0.157
"1768",0.215
"364",0.049
"3406",0.192
"3157",0.071
"6569",0.181
"777",0.132
"5688",0.123
"4377",0.187
"2163",0.129
"889",0.206
"1338",0.129
"4390",0.149
"903",0.126
"3643",0.204
"3165",0.165
"4813",0.188
"6706",0.206
"3355",0.043
"5652",0.185
"4179",0.172
"1518",0.114
"2471",0.052
"7647",0.116
"6975",0.157
"432",0.031
"5115",0.177
"5656",0.19
"3729",0.08
"384",0.24
"1109",0.052
"6108",0.222
"919",0.1
"5016",0.168
"2486",0.057
"5137",0.116
"4823",0.033
"3709",0.193
"4042",0.201
"4629",0.027
"200",0.097
"4790",0.113
"4016",0.149
"6544",0.19
"2458",0.014
"3475",0.104
"5746",0.115
"7328",0.242
"3052",0.239
"4585",0.181
"1493",0.038
"1451",0.093
"1020",0.135
"3337",0.115
"4716",0.218
"2023",0.145
"4696",0.155
"3450",0.012
"909",0.061
"5989",0.141
"1317",0.224
"2258",0.126
"5296",0.124
"6443",0.105
"5739",0.168
"3961",0.124
"5129",0.188
"6514",0.188
"2632",0.097
"7468",0.142
"4061",0.171
"1767",0.052
"3391",0.034
"5046",0.115
"1955",0.049
"2409",0.017
"7307",0.159
"3813",0.154
"6",0.063
"1855",0.133
"5498",0.076
"458",0.316
"6201",0.095
"5753",0.194
"3628",0.079
"35",0.136
"1652",0.142
"7296",0.027
"4682",0.154
"2367",0.203
"7457",0.109
"2107",0.018
"2770",0.147
"6087",0.218
"973",0.026
"6064",0.206
"1383",0.121
"6582",0.16
"8",0.086
"7496",0.04
"862",0.169
"3728",0.138
"6129",0.218
"3986",0.169
"1666",0.053
"5625",0.177
"1656",0.173
"3021",0.074
"6728",0.141
"3897",0.032
"1045",0.115
"4602",0.13
"3967",0.172
"1502",0.041
"3893",0.006
"1189",0.102
"6125",0.141
"2641",0.203
"4483",0.105
"4",0.061
"4298",0.157
"1801",0.026
"1441",0.104
"1770",0.053
"3981",0.084
"2420",0.04
"2154",0.119
"1081",0.061
"4893",0.05
"7477",0.109
"4424",0.218
"5775",0.244
"1386",0.136
"7639",0.109
"5515",0.038
"4943",0.201
"2495",0.141
"1094",0.062
"469",0.171
"3324",0.057
"6116",0.141
"275",0.023
"3385",0.044
"4504",0.25
"3408",0.011
"159",0.048
"2251",0.117
"138",0.063
"4781",0.224
"6801",0.194
"6095",0.101
"4676",0.115
"58",0.128
"4148",0.091
"400",0.057
"7327",0.242
"456",0.033
"1572",0.121
"4503",0.14
"1569",0.247
"773",0.13
"3760",0.197
"1200",0.108
"6412",0.141
"372",0.103
"4436",0.128
"4398",0.19
"3484",0.057
"5185",0.099
"595",0.122
"884",0.147
"1478",0.382
"6819",0.168
"895",0.227
"3175",0.149
"1948",0.002
"3331",0.057
"2306",0.106
"6269",0.188
"4564",0.225
"61",0.124
"3803",0.102
"2298",0.044
"5034",0.135
"6079",0.257
"295",0.253
"5976",0.157
"2808",0.111
"2799",0.053
"6422",0.111
"3077",0.136
"6053",0.22
"1732",0.152
"2999",0.102
"4552",0.188
"194",0.188
"3849",0.196
"6099",0.21
"3141",0.015
"3226",0.13
"2896",0.236
"3687",0.183
"5877",0.141
"5744",0.203
"6453",0.105
"5552",0.395
"1650",0.024
"4413",0.181
"2242",0.145
"2220",0.118
"4962",0.03
"6212",0.229
"5344",0.156
"4678",0.025
"1937",0.029
"57",0.114
"1198",0.067
"272",0.227
"7388",0.132
"53",0.048
"442",0.028
"4319",0.049
"5649",0.135
"5573",0.093
"1157",0.061
"5377",0.135
"3145",0.157
"4472",0.188
"5619",0.181
"1147",0.202
"1939",0.038
"2507",0.06
"574",0.028
"3338",0.275
"559",0.016
"6507",0.188
"3227",0.11
"6833",0.16
"181",0.188
"2294",0.024
"3943",0.057
"6743",0.17
"2640",0.046
"2106",0.189
"5330",0.16
"1533",0.129
"4180",0.042
"3260",0.114
"2820",0.194
"6545",0.095
"962",0.12
"7644",0.116
"6562",0.218
"5668",0.092
"7475",0.109
"5962",0.135
"5317",0.073
"844",0.212
"6061",0.092
"2739",0.047
"153",0.218
"150",0.246
"101",0.182
"4807",0.082
"5265",0.027
"681",0.016
"5992",0.141
"3572",0.076
"504",0.16
"3278",0.011
"6124",0.141
"5856",0.053
"7523",0.195
"2009",0.064
"6276",0.19
"3611",0.013
"4397",0.048
"880",0.297
"2741",0.055
"1829",0.038
"3254",0.263
"4165",0.081
"934",0.23
"1450",0.181
"440",0.071
"3905",0.118
"4110",0.183
"749",0.068
"1754",0.025
"3607",0.147
"2515",0.051
"1290",0.185
"1581",0.072
"4160",0.03
"568",0.093
"4137",0.215
"2261",0.047
"1205",0.132
"37",0.062
"1363",0.111
"1201",0.104
"1678",0.154
"2677",0.044
"915",0.111
"1028",0.05
"1042",0.095
"2738",0.148
"3106",0.071
"5266",0.188
"3835",0.214
"6459",0.115
"1820",0.05
"5367",0.054
"4961",0.061
"2904",0.065
"1340",0.164
"4087",0.076
"3533",0.065
"6515",0.188
"6552",0.185
"7303",0.159
"4261",0.008
"991",0.249
"2881",0.141
"1883",0.053
"2760",0.366
"4284",0.052
"2386",0.172
"1548",0.129
"5045",0.18
"2394",0.155
"3414",0.038
"665",0.094
"2191",0.227
"4074",0.117
"598",0.084
"7613",0.075
"7530",0.116
"6854",0.141
"2179",0.035
"2622",0.013
"2366",0.048
"1438",0.296
"3510",0.317
"1287",0.138
"4378",0.187
"3170",0.123
"2915",0.071
"251",0.04
"2290",0.067
"3445",0.291
"5726",0.135
"6070",0.188
"515",0.192
"6065",0.128
"5734",0.188
"1837",0.183
"7479",0.157
"609",0.206
"1880",0.185
"3737",0.14
"1897",0.147
"2178",0.14
"5778",0.164
"4746",0.257
"4490",0.179
"6315",0.157
"4784",0.157
"1984",0.233
"874",0.083
"419",0.011
"85",0.06
"6571",0.126
"2279",0.036
"3934",0.12
"6849",0.16
"3502",0.217
"7535",0.116
"5908",0.122
"1466",0.119
"7439",0.084
"6411",0.141
"1162",0.01
"2094",0.101
"3681",0.125
"1792",0.042
"3674",0.06
"4724",0.056
"734",0.069
"192",0.203
"1887",0.004
"2014",0.076
"3266",0.07
"2689",0.141
"1795",0.102
"1748",0.134
"5636",0.141
"6857",0.141
"2128",0.034
"5757",0.181
"5646",0.091
"6296",0.228
"5157",0.047
"94",0.185
"4010",0.114
"5762",0.133
"1717",0.08
"3725",0.179
"4858",0.029
"3224",0.093
"7498",0.12
"4774",0.157
"2987",0.204
"1938",0.01
"6946",0.188
"5536",0.157
"4770",0.05
"4115",0.066
"2858",0.08
"3245",0.105
"4874",0.044
"1593",0.188
"1912",0.141
"5054",0.102
"6783",0.188
"2968",0.111
"4582",0.2
"675",0.058
"3424",0.038
"4200",0.037
"1262",0.258
"6304",0.101
"7300",0.054
"1731",0.028
"6301",0.026
"3985",0.094
"6256",0.119
"1562",0.345
"4029",0.211
"2252",0.169
"1272",0.084
"1546",0.061
"6853",0.141
"4196",0.3
"1755",0.042
"2863",0.253
"265",0.246
"3583",0.067
"2751",0.084
"2015",0.045
"258",0.053
"1769",0.053
"1881",0.166
"242",0.052
"7528",0.116
"3028",0.104
"474",0.076
"7558",0.128
"1864",0.082
"1220",0.054
"2288",0.107
"5071",0.237
"4789",0.106
"1669",0.022
"2737",0.238
"382",0.214
"2490",0.1
"6729",0.141
"1997",0.249
"1597",0.005
"2743",0.133
"3781",0.195
"2574",0.036
"7342",0.223
"918",0.071
"1822",0.12
"1756",0.043
"6071",0.188
"2575",0.045
"2948",0.086
"3810",0.081
"1111",0.069
"6419",0.171
"1418",0.329
"4337",0.247
"743",0.145
"4930",0.218
"5051",0.059
"7511",0.096
"5402",0.185
"1014",0.204
"4082",0.105
"3870",0.068
"5965",0.132
"3242",0.02
"5674",0.109
"1307",0.102
"5283",0.241
"2239",0.13
"6274",0.083
"187",0.089
"7469",0.142
"2063",0.248
"7676",0.116
"1336",0.18
"4484",0.182
"5093",0.135
"5268",0.199
"3375",0.037
"6433",0.164
"3439",0.029
"5467",0.132
"3219",0.071
"6290",0.141
"4514",0.292
"5862",0.153
"1282",0.18
"6537",0.181
"1289",0.032
"3434",0.02
"3824",0.183
"1749",0.057
"3765",0.207
"3233",0.13
"4622",0.258
"582",0.203
"2691",0.013
"4797",0.135
"759",0.212
"3001",0.284
"7661",0.116
"5954",0.032
"506",0.184
"5650",0.212
"1249",0.069
"3675",0.095
"2727",0.035
"5644",0.207
"4625",0.118
"5299",0.171
"6111",0.141
"5559",0.049
"2670",0.325
"2198",0.266
"1241",0.177
"5639",0.359
"4364",0.129
"952",0.073
"3891",0.077
"2412",0.084
"5427",0.071
"493",0.057
"3214",0.031
"1004",0.126
"1322",0.078
"1611",0.221
"264",0.054
"6255",0.273
"2889",0.178
"6607",0.104
"1720",0.01
"6940",0.188
"940",0.075
"5943",0.16
"1169",0.049
"1390",0.076
"3790",0.076
"1716",0.054
"3164",0.064
"4254",0.042
"616",0.181
"7397",0.109
"2938",0.059
"2436",0.084
"3058",0.134
"105",0.229
"1923",0.116
"5982",0.059
"339",0.118
"1452",0.129
"3838",0.012
"5885",0.179
"5189",0.094
"666",0.03
"1694",0.053
"1067",0.042
"2325",0.2
"724",0.099
"4344",0.122
"3929",0.101
"2898",0.113
"2636",0.008
"7679",0.116
"572",0.185
"1619",0.039
"1268",0.02
"603",0.172
"5082",0.236
"2946",0.17
"6455",0.11
"1035",0.074
"1210",0.188
"5534",0.135
"3932",0.108
"477",0.141
"2273",0.061
"378",0.056
"4668",0.103
"3556",0.236
"5724",0.143
"3691",0.208
"1274",0.02
"3046",0.236
"661",0.113
"7493",0.049
"2187",0.238
"3534",0.146
"747",0.124
"2976",0.044
"5201",0.046
"1929",0.116
"487",0.181
"3789",0.138
"626",0.25
"4235",0.111
"2953",0.194
"4274",0.101
"293",0.043
"2324",0.202
"2618",0.056
"5302",0.204
"1225",0.181
"1968",0.155
"550",0.227
"1182",0.03
"5252",0.132
"3542",0.13
"7380",0.116
"628",0.11
"1303",0.203
"1120",0.118
"910",0.06
"86",0.198
"5464",0.135
"3886",0.037
"522",0.108
"1642",0.104
"3811",0.086
"2643",0.172
"3872",0.117
"6937",0.188
"1101",0.097
"2292",0.104
"1584",0.038
"2676",0.281
"4773",0.157
"5316",0.132
"6536",0.181
"3864",0.019
"2649",0.092
"3775",0.15
"2211",0.061
"7687",0.116
"5747",0.098
"526",0.282
"1905",0.105
"4788",0.095
"1085",0.033
"6560",0.218
"1382",0.085
"5494",0.159
"3152",0.025
"4697",0.156
"198",0.175
"1233",0.027
"531",0.044
"4204",0.14
"740",0.156
"7368",0.177
"2493",0.059
"3332",0.057
"4645",0.092
"5905",0.065
"3258",0.137
"4197",0.3
"2711",0.789
"5081",0.145
"5941",0.138
"3376",0.04
"4067",0.176
"4713",0.224
"7499",0.109
"4409",0.127
"2005",0.136
"5005",0.092
"7619",0.233
"5030",0.23
"1403",0.307
"5425",0.203
"5172",0.201
"1892",0.148
"1869",0.229
"1128",0.185
"4027",0.109
"7609",0.194
"285",0.184
"5970",0.126
"6207",0.181
"2031",0.152
"6977",0.157
"5629",0.257
"7454",0.109
"3",0.122
"1787",0.061
"414",0.128
"6257",0.253
"7433",0.084
"1921",0.056
"5215",0.066
"5108",0.181
"5338",0.136
"1949",0.027
"13",0.315
"2927",0.049
"2848",0.012
"5881",0.244
"4633",0.053
"676",0.08
"5839",0.206
"2180",0.157
"2504",0.078
"412",0.094
"2635",0.224
"1420",0.225
"2885",0.1
"4394",0.098
"3580",0.036
"4464",0.133
"1874",0.211
"4466",0.188
"4246",0.052
"1093",0.103
"2611",0.028
"989",0.037
"4627",0.052
"3834",0.174
"974",0.133
"1884",0.027
"148",0.109
"648",0.063
"5554",0.101
"7565",0.137
"5373",0.153
"2977",0.269
"6789",0.12
"3806",0.032
"3970",0.024
"1334",0.071
"3056",0.189
"4556",0.092
"5876",0.141
"2049",0.102
"5122",0.105
"827",0.188
"1521",0.092
"6770",0.104
"259",0.038
"1319",0.052
"5951",0.188
"1558",0.154
"4078",0.109
"528",0.095
"6078",0.305
"4763",0.177
"234",0.032
"3697",0.235
"5845",0.185
"7386",0.132
"993",0.127
"1088",0.246
"5866",0.123
"3118",0.033
"368",0.132
"1647",0.006
"246",0.023
"4291",0.034
"3589",0.098
"2572",0.092
"5333",0.075
"1637",0.064
"1231",0.094
"503",0.129
"1195",0.171
"3774",0.051
"834",0.2
"1867",0.207
"7688",0.116
"1667",0.011
"4779",0.19
"7503",0.051
"638",0.043
"3818",0.021
"3785",0.111
"3299",0.127
"2151",0.022
"383",0.229
"6249",0.11
"502",0.101
"530",0.136
"2718",0.081
"663",0.147
"2312",0.041
"7681",0.116
"1903",0.245
"6436",0.228
"7372",0.11
"2048",0.008
"6205",0.199
"6056",0.213
"1663",0.154
"2985",0.127
"5130",0.188
"7438",0.137
"4405",0.247
"5314",0.195
"2496",0.026
"6705",0.206
"6072",0.188
"1497",0.126
"16",0.162
"4852",0.216
"6477",0.17
"2548",0.046
"4050",0.194
"4004",0.132
"7",0.219
"1503",0.121
"4037",0.022
"6525",0.088
"1904",0.074
"7584",0.214
"6860",0.182
"2390",0.213
"3396",0.129
"4811",0.073
"6091",0.116
"3863",0.058
"75",0.086
"5419",0.214
"2266",0.11
"3150",0.301
"4849",0.078
"4704",0.104
"3143",0.245
"4056",0.073
"5264",0.027
"5964",0.132
"519",0.061
"5008",0.183
"5204",0.188
"3624",0.106
"4382",0.133
"3154",0.194
"51",0.075
"5657",0.164
"6809",0.07
"2482",0.034
"5693",0.222
"3477",0.01
"1480",0.183
"2835",0.258
"2722",0.184
"7428",0.171
"3419",0.156
"5961",0.253
"126",0.147
"3718",0.201
"3054",0.139
"1360",0.172
"5743",0.152
"6777",0.181
"3960",0.047
"2452",0.056
"72",0.11
"4156",0.098
"2917",0.134
"2526",0.116
"3100",0.212
"4283",0.084
"5285",0.122
"2058",0.182
"7314",0.221
"3097",0.252
"7529",0.116
"7587",0.107
"5195",0.006
"405",0.242
"3994",0.203
"7394",0.132
"128",0.232
"3405",0.137
"3969",0.017
"5835",0.188
"189",0.18
"958",0.118
"3289",0.125
"678",0.04
"2199",0.045
"3389",0.041
"6752",0.246
"7455",0.109
"6733",0.141
"2533",0.073
"590",0.185
"5682",0.055
"4762",0.131
"4728",0.212
"3577",0.131
"2284",0.11
"1214",0.181
"6535",0.103
"2274",0.205
"2181",0.035
"2852",0.311
"4929",0.114
"1932",0.206
"3015",0.125
"3692",0.264
"1612",0.043
"7399",0.109
"1559",0.06
"2816",0.45
"1760",0.023
"4953",0.043
"3481",0.094
"5118",0.16
"3126",0.018
"4048",0.027
"399",0
"2967",0.111
"5874",0.141
"4052",0.14
"127",0.126
"1462",0.059
"3873",0.171
"937",0.091
"2189",0.181
"2080",0.088
"6924",0.224
"273",0.201
"1304",0.04
"2156",0.02
"1333",0.132
"2379",0.114
"6771",0.263
"3968",0.045
"2311",0.022
"7414",0.225
"1858",0.249
"7559",0.128
"2192",0.077
"1799",0.035
"6547",0.136
"6402",0.083
"6549",0.142
"391",0.162
"2989",0.217
"17",0.1
"1871",0.061
"3807",0.261
"599",0.131
"1819",0.249
"1712",0.031
"2388",0.213
"2582",0.023
"5400",0.233
"6410",0.141
"4315",0.234
"6863",0.16
"3783",0.1
"5745",0.161
"711",0.243
"5221",0.224
"6428",0.133
"2979",0.047
"2139",0.11
"1373",0.102
"91",0.093
"4311",0.151
"596",0.014
"3213",0.155
"4226",0.128
"5033",0.118
"4000",0.156
"1335",0.18
"5408",0.118
"914",0.109
"3732",0.036
"227",0.025
"3348",0.016
"7541",0.033
"1824",0.072
"4108",0.01
"500",0.17
"112",0.168
"370",0.083
"6546",0.202
"308",0.027
"3083",0.159
"5528",0.023
"7652",0.122
"2639",0.029
"3329",0.057
"7408",0.112
"1248",0.179
"5705",0.068
"1964",0.136
"4941",0.087
"6846",0.038
"5922",0.218
"5550",0.216
"167",0.095
"3562",0.118
"174",0.192
"132",0.254
"3836",0.183
"5587",0.214
"3825",0.147
"7596",0.135
"2421",0.049
"3318",0.057
"3804",0.084
"2763",0.233
"7287",0.114
"4914",0.071
"2474",0.048
"2665",0.197
"5628",0.16
"5924",0.088
"549",0.121
"6717",0.151
"4801",0.184
"2337",0.202
"482",0.232
"2176",0.098
"4580",0.064
"5105",0.143
"1942",0.336
"1851",0.182
"5214",0.305
"5514",0.217
"124",0.235
"2449",0.196
"5623",0.134
"4912",0.082
"850",0.123
"1596",0.082
"4908",0.157
"7660",0.116
"1177",0.045
"4824",0.04
"7595",0.135
"7580",0.109
"5673",0.098
"2310",0.099
"4125",0.022
"1940",0.141
"6258",0.305
"277",0.024
"3935",0.051
"4098",0.062
"1025",0.166
"1742",0.159
"3407",0.112
"3768",0.042
"2682",0.241
"5472",0.188
"7326",0.242
"4281",0.229
"4019",0.254
"99",0.103
"4868",0.125
"4147",0.213
"960",0.146
"1505",0.091
"4722",0.124
"4140",0.063
"5793",0.07
"129",0.086
"4031",0.135
"4693",0.05
"2512",0.113
"4487",0.102
"3746",0.076
"6718",0.141
"7601",0.116
"3081",0.167
"3761",0.148
"544",0.259
"467",0.152
"6960",0.213
"4459",0.122
"2357",0.006
"4228",0.128
"855",0.147
"23",0.116
"1286",0.039
"4242",0.06
"5255",0.16
"3946",0.113
"6532",0.116
"3528",0.056
"3717",0.119
"3310",0.275
"2426",0.079
"2061",0.097
"4499",0
"7343",0.18
"3738",0.148
"1526",0.119
"5759",0.141
"2407",0.026
"5275",0.168
"2120",0.101
"102",0.229
"3263",0.062
"1406",0.241
"3062",0.114
"7434",0.053
"6969",0.099
"7304",0.159
"31",0.132
"5331",0.052
"1578",0.179
"2101",0.096
"3268",0.185
"5582",0.141
"2443",0.055
"4152",0.132
"3490",0.122
"3034",0.046
"1701",0.01
"3999",0.052
"2940",0.059
"4557",0.199
"172",0.068
"233",0.069
"5364",0.188
"7633",0.055
"5328",0.233
"27",0.096
"5273",0.036
"1625",0.13
"1208",0.188
"3482",0.247
"4384",0.133
"756",0.142
"3240",0.051
"1817",0.259
"2378",0.014
"3238",0.034
"645",0.164
"3513",0.074
"5933",0.103
"444",0.129
"6305",0.116
"2652",0.079
"2297",0.078
"5220",0.171
"6758",0.202
"5439",0.129
"6932",0.168
"2393",0.037
"5631",0.177
"4447",0.19
"4471",0.188
"7657",0.109
"4229",0.128
"4705",0.18
"7567",0.194
"7378",0.175
"4005",0.181
"299",0.145
"1898",0.014
"2136",0.129
"4150",0.123
"1753",0.015
"5025",0.132
"2951",0.022
"1165",0.149
"6842",0.213
"5832",0.188
"4616",0.188
"5193",0.108
"7337",0.26
"4006",0.015
"660",0.118
"475",0.15
"3216",0.213
"3702",0.119
"2453",0.175
"6862",0.106
"2608",0.029
"5327",0.084
"5574",0.11
"5392",0.136
"719",0.441
"5363",0.16
"3346",0.065
"3856",0.254
"3719",0.164
"4112",0.036
"2317",0.236
"1947",0.054
"1809",0.188
"5772",0.192
"5658",0.098
"4153",0.053
"4277",0.294
"2959",0.051
"6782",0.188
"312",0.167
"2592",0.224
"3435",0.064
"2277",0.15
"6734",0.141
"4885",0.176
"7599",0.116
"5290",0.12
"634",0.124
"3769",0.086
"752",0.213
"1184",0.046
"6215",0.16
"3722",0.106
"7678",0.116
"1115",0.076
"1419",0.139
"3107",0.08
"3997",0.031
"3941",0.042
"1384",0.05
"3599",0.195
"7473",0.109
"5844",0.263
"1138",0.034
"4566",0.185
"3540",0.04
"935",0.064
"5511",0.088
"5286",0.052
"3309",0.179
"6725",0.141
"5733",0.195
"2929",0.124
"1151",0.059
"7685",0.116
"2193",0.055
"746",0.038
"2701",0.189
"3287",0.119
"1662",0.166
"3474",0.108
"4554",0.089
"5576",0.144
"369",0.038
"4799",0.089
"1023",0.275
"1112",0.135
"869",0.182
"1137",0.05
"4526",0.342
"2950",0.142
"1953",0.021
"1618",0.167
"3525",0.049
"1524",0.077
"3514",0.079
"70",0.237
"6096",0.088
"3203",0.064
"4654",0.246
"4304",0.342
"1661",0.066
"4157",0.027
"4841",0.181
"578",0.009
"7416",0.225
"1543",0.151
"1671",0.236
"123",0.059
"2344",0.085
"4188",0.14
"204",0.08
"1909",0.022
"1378",0.136
"1292",0.1
"3987",0.225
"3178",0.137
"7588",0.107
"5395",0.19
"865",0.092
"6509",0.188
"1243",0.021
"6250",0.126
"7504",0.051
"4518",0.189
"7570",0.194
"5836",0.188
"2809",0.155
"1685",0.025
"736",0.236
"669",0.11
"4008",0.173
"3727",0.081
"7632",0.055
"4199",0.238
"3135",0.066
"1288",0.21
"24",0.102
"3683",0.101
"5854",0.072
"6731",0.141
"3912",0.078
"2000",0.217
"52",0.066
"4670",0.122
"3601",0.05
"2086",0.051
"4432",0.314
"5822",0.032
"435",0.102
"4040",0.177
"5029",0.23
"2823",0.081
"305",0.178
"4507",0.188
"5224",0.188
"4105",0.105
"7514",0.161
"2882",0.213
"766",0.158
"3910",0.016
"280",0.168
"2256",0.179
"2342",0.226
"4428",0.207
"110",0.076
"4256",0.238
"2553",0.04
"7318",0.02
"647",0.017
"5390",0.031
"3860",0.071
"5526",0.252
"1302",0.153
"1122",0.066
"2141",0.082
"1757",0.026
"4203",0.101
"2360",0.054
"4445",0.067
"3402",0.073
"2581",0.024
"425",0.194
"6925",0.105
"5132",0.188
"1888",0.023
"3794",0.024
"3940",0.171
"6293",0.228
"698",0.021
"6312",0.092
"4494",0.094
"4567",0.089
"6294",0.228
"5380",0.122
"1244",0.036
"3809",0.09
"141",0.102
"3273",0.174
"5",0.156
"7418",0.225
"3869",0.204
"6803",0.045
"4519",0.242
"6097",0.19
"452",0.077
"5710",0.094
"6948",0.057
"276",0.022
"6113",0.141
"6967",0.098
"2568",0.098
"1990",0.08
"4782",0.236
"4340",0.129
"1542",0.082
"6127",0.218
"4416",0.12
"1565",0.181
"4783",0.222
"3325",0.057
"3452",0.141
"6768",0.067
"1106",0.036
"2427",0.057
"5260",0.231
"3076",0.102
"2161",0.142
"5394",0.19
"3546",0.07
"4038",0.135
"1328",0.158
"1159",0.054
"6408",0.141
"1846",0.049
"3950",0.037
"697",0.077
"7390",0.132
"3128",0.03
"998",0.096
"6128",0.218
"551",0.112
"642",0.216
"498",0.18
"5953",0.116
"4124",0.032
"7646",0.116
"7462",0.109
"256",0.259
"3030",0.188
"4111",0.055
"579",0.136
"6548",0.145
"2814",0.1
"3742",0.242
"7385",0.132
"2746",0.144
"3070",0.244
"3541",0.02
"367",0.08
"4871",0.061
"4339",0.164
"3095",0.097
"7536",0.116
"1278",0.18
"7447",0.126
"1353",0.147
"7664",0.116
"1164",0.011
"787",0.03
"2173",0.016
"3123",0.017
"465",0
"2488",0.059
"696",0.148
"4126",0.049
"3505",0.023
"4843",0.096
"6856",0.141
"4355",0.212
"63",0.125
"737",0.034
"1539",0.189
"5154",0.3
"282",0.166
"2435",0.101
"2706",0.251
"6406",0.177
"7480",0.136
"3312",0.091
"6517",0.188
"700",0.146
"2043",0.073
"4638",0.139
"1910",0.146
"2073",0.156
"3686",0.148
"1592",0.085
"7485",0.11
"2363",0.097
"2861",0.08
"2986",0.109
"1174",0.057
"162",0.031
"2836",0.054
"3826",0.161
"2840",0.213
"6744",0.17
"4169",0.043
"5486",0.136
"7332",0.242
"5730",0.237
"1729",0.141
"6709",0.228
"3444",0.147
"6266",0.188
"3247",0.058
"3488",0.041
"3771",0.171
"1614",0.043
"1764",0.03
"1380",0.076
"1537",0.013
"4018",0.149
"4275",0.135
"4798",0.089
"877",0.08
"3079",0.194
"1433",0.12
"1734",0.19
"4318",0.091
"3463",0.062
"2912",0.12
"6271",0.188
"2563",0.04
"5651",0.204
"3272",0.054
"1357",0.039
"7456",0.109
"641",0.168
"4173",0.145
"6553",0.185
"473",0.238
"7373",0.175
"4860",0.05
"3239",0.018
"4516",0.188
"5053",0.224
"1254",0.063
"5450",0.064
"604",0.149
"4347",0.175
"495",0.027
"6454",0.098
"1854",0.071
"2463",0.056
"3277",0.195
"2076",0.072
"3186",0.022
"2566",0.02
"1206",0.078
"6769",0.168
"1713",0.013
"1457",0.306
"5091",0.246
"1139",0.14
"6076",0.17
"1686",0.131
"1204",0.105
"2866",0.064
"4136",0.226
"2788",0.034
"3267",0.04
"4127",0.013
"5267",0.188
"2236",0.137
"3668",0.068
"2442",0.065
"5207",0.166
"4894",0.2
"4766",0.046
"1633",0.031
"3990",0.066
"7531",0.116
"4264",0.087
"3662",0.137
"904",0.202
"573",0.031
"2035",0.201
"5259",0.166
"4404",0.15
"4065",0.066
"1446",0.229
"1343",0.035
"5851",0.22
"7298",0.027
"3369",0.158
"3659",0.092
"913",0.125
"5809",0.093
"4969",0.163
"2651",0.105
"6444",0.11
"2370",0.157
"3449",0.196
"445",0.098
"1941",0.158
"4925",0.1
"6297",0.25
"6713",0.188
"5499",0.071
"4498",0.067
"5368",0.213
"2723",0.419
"650",0.018
"5863",0.116
"4055",0.141
"771",0.253
"725",0.208
"3316",0.057
"3122",0.203
"2997",0.181
"4857",0.17
"4335",0.069
"723",0.133
"177",0.156
"5725",0.254
"6261",0.132
"2994",0.364
"196",0.205
"2062",0.229
"6110",0.141
"1187",0.041
"4581",0.064
"6772",0.263
"7666",0.116
"423",0.043
"1251",0.062
"5104",0.132
"6429",0.191
"2036",0.064
"4353",0.172
"4803",0.266
"5527",0.073
"1836",0.157
"945",0.129
"4129",0.159
"6267",0.188
"4793",0.148
"2517",0.039
"7617",0.233
"3457",0.135
"662",0.164
"125",0.171
"5878",0.141
"2479",0.161
"1609",0.045
"199",0.245
"3447",0.087
"2905",0.12
"5150",0.072
"1818",0.1
"630",0.067
"1561",0.052
"863",0.047
"7449",0.042
"2697",0.009
"2956",0.025
"362",0.188
"2771",0.126
"158",0.149
"593",0.179
"1860",0.043
"1557",0.098
"3944",0.061
"5803",0.035
"3543",0.036
"2605",0.046
"5950",0.188
"1628",0.062
"4951",0.193
"659",0.102
"646",0.042
"4753",0.056
"1398",0.276
"4046",0.035
"6313",0.092
"5409",0.129
"1644",0.13
"182",0.233
"857",0.075
"5232",0.134
"7420",0.225
"5512",0.522
"1658",0.049
"4262",0.034
"987",0.072
"289",0.111
"6118",0.11
"2229",0.043
"1973",0.18
"6543",0.183
"333",0.154
"2960",0.051
"2296",0.034
"1057",0.026
"1117",0.043
"1199",0.096
"1180",0.061
"4521",0.045
"7355",0.022
"7512",0.161
"561",0.078
"6586",0.185
"2196",0.06
"2740",0.016
"3723",0.228
"3795",0.012
"188",0.194
"4653",0.202
"867",0.145
"2164",0.02
"3009",0.091
"3693",0.217
"147",0.091
"1405",0.154
"2900",0.188
"5567",0.205
"3618",0.184
"3297",0.058
"2707",0.331
"6530",0.148
"4660",0.26
"5469",0.096
"3866",0.07
"2827",0.184
"840",0.151
"5211",0.149
"5036",0.23
"12",0.11
"2518",0.058
"5017",0.202
"3670",0.176
"7623",0.116
"4047",0.033
"3650",0.199
"3862",0.032
"897",0.202
"688",0.143
"893",0.166
"6067",0.188
"3307",0.131
"886",0.14
"2937",0.042
"446",0.102
"4301",0.216
"3217",0.025
"1969",0.069
"6081",0.182
"5655",0.089
"1150",0.083
"5843",0.152
"2844",0.046
"3456",0.034
"5571",0.25
"6942",0.188
"3032",0.129
"1577",0.082
"1583",0.246
"5412",0.054
"5270",0.233
"1487",0.076
"6929",0.041
"3492",0.092
"1606",0.015
"4488",0.109
"1698",0.04
"953",0.064
"406",0.128
"3977",0.017
"5714",0.211
"1591",0.015
"2422",0.04
"1394",0.203
"1623",0.029
"580",0.128
"4576",0.093
"2158",0.031
"1129",0.12
"5496",0.126
"3333",0.057
"770",0.189
"2144",0.131
"1096",0.03
"1737",0.112
"4921",0.005
"5545",0.102
"7665",0.116
"4164",0.038
"2321",0.289
"5931",0.16
"4902",0.175
"4508",0.095
"1312",0.039
"2841",0.14
"5356",0.046
"7645",0.116
"7451",0.042
"4054",0.038
"6107",0.038
"1072",0.033
"4916",0.105
"3957",0.237
"42",0.125
"5090",0.188
"3682",0.084
"3000",0.026
"2520",0.038
"3751",0.172
"1804",0.246
"1391",0.118
"3582",0.151
"3894",0.054
"3018",0.098
"6442",0.11
"1376",0.054
"4299",0.197
"3190",0.175
"4362",0.099
"508",0.105
"3896",0.157
"4641",0.128
"825",0.195
"4681",0.185
"4665",0.13
"1049",0.032
"68",0.208
"3688",0.183
"800",0.212
"2327",0.174
"3130",0.039
"1936",0.13
"2320",0.246
"1810",0.242
"2019",0.088
"2662",0.17
"1426",0.11
"5883",0.266
"575",0.132
"5731",0.257
"4431",0.148
"3256",0.088
"5359",0.163
"2810",0.037
"6788",0.036
"2227",0.021
"5565",0.157
"6861",0.154
"4303",0.144
"5384",0.206
"5748",0.098
"1344",0.083
"1172",0.119
"5249",0.202
"3172",0.098
"796",0.02
"6057",0.164
"386",0.153
"2024",0.143
"2170",0.129
"175",0.175
"3973",0.151
"3885",0.055
"923",0.116
"7344",0.18
"173",0.139
"2843",0.106
"631",0.101
"4584",0.092
"2259",0.047
"2380",0.118
"4429",0.171
"3231",0.093
"2126",0.082
"3868",0.044
"4411",0.3
"4159",0.018
"387",0.026
"2543",0.091
"6055",0.037
"732",0.211
"1485",0.129
"5764",0.171
"1443",0.095
"4130",0.199
"679",0.176
"5035",0.124
"7285",0.114
"1985",0.127
"2527",0.047
"139",0.247
"2081",0.235
"2042",0.256
"3349",0.021
"5544",0.16
"420",0.214
"1209",0.188
"6711",0.038
"314",0.13
"4032",0.058
"729",0.123
"2675",0.062
"1166",0.194
"2966",0.051
"2876",0.019
"5443",0.128
"733",0.17
"7466",0.175
"5096",0.031
"2609",0.047
"583",0.008
"5980",0.166
"2499",0.061
"2428",0.03
"3747",0.284
"5829",0.188
"2873",0.23
"5184",0.059
"5624",0.046
"5386",0.206
"1377",0.088
"4971",0.06
"6077",0.305
"7459",0.109
"3486",0.103
"5312",0.132
"4489",0.175
"715",0.051
"5729",0.253
"5422",0.163
"1217",0.179
"5124",0.148
"4726",0.16
"2234",0.115
"5376",0.017
"4458",0.089
"3218",0.052
"4482",0.195
"1896",0.228
"6462",0.213
"3657",0.225
"1727",0.046
"3319",0.057
"7590",0.218
"3116",0.19
"4118",0.238
"2109",0.261
"4673",0.08
"1657",0.016
"966",0.196
"1814",0.197
"334",0.279
"4486",0.13
"6714",0.069
"1571",0.055
"6541",0.187
"4357",0.089
"4287",0.034
"7622",0.116
"2013",0.137
"4095",0.071
"501",0.031
"6519",0.188
"4946",0.254
"944",0.06
"5340",0.111
"5307",0.224
"3772",0.081
"5052",0.224
"1474",0.212
"3526",0.046
"5661",0.218
"320",0.069
"2970",0.111
"3461",0.033
"3193",0.074
"2535",0.02
"4289",0.034
"4091",0.166
"4623",0.291
"3504",0.061
"4897",0.168
"390",0.164
"1568",0.168
"1494",0.147
"5938",0.16
"4121",0.188
"2925",0.222
"592",0.279
"2794",0.073
"5121",0.116
"2017",0.085
"2182",0.072
"5488",0.179
"3185",0.107
"3695",0.048
"7317",0.02
"1033",0.025
"288",0.063
"4577",0.213
"4772",0.12
"1588",0.04
"1469",0.121
"4922",0.104
"7445",0.126
"7375",0.175
"7470",0.146
"5015",0.071
"1036",0.064
"2884",0.025
"4068",0.086
"3699",0.065
"313",0.072
"4684",0.192
"1950",0.005
"2454",0.107
"4260",0.137
"741",0.046
"5234",0.049
"702",0.053
"1054",0.201
"5524",0.009
"306",0.078
"1306",0.183
"5229",0.16
"1294",0.061
"5782",0.073
"961",0.283
"5977",0.151
"5293",0.151
"5319",0.135
"5873",0.141
"5645",0.201
"4891",0.188
"7656",0.116
"3909",0.109
"3735",0.083
"693",0.024
"1906",0.178
"3953",0.048
"5281",0.113
"1329",0.18
"3921",0.175
"2232",0.05
"2683",0.162
"5334",0.154
"3740",0.255
"5200",0.204
"1055",0.05
"2403",0.028
"3142",0.024
"6120",0.141
"6737",0.205
"1464",0.294
"1074",0.126
"3372",0.105
"6284",0.141
"7515",0.161
"287",0.106
"4026",0.169
"5056",0.073
"6814",0.16
"2830",0.034
"5678",0.164
"6438",0.13
"6200",0.095
"3417",0.038
"3517",0.088
"824",0.083
"427",0.114
"5424",0.135
"6936",0.188
"1604",0.099
"1",0.172
"636",0.088
"2469",0.033
"2826",0.18
"1709",0.028
"4691",0.276
"2203",0.198
"4352",0.188
"1385",0.174
"7425",0.171
"607",0.149
"6203",0.234
"2445",0.062
"1299",0.045
"3511",0.055
"780",0.154
"6080",0.305
"1708",0.133
"4683",0.191
"7409",0.225
"2571",0.044
"4541",0.273
"6262",0.132
"1918",0.026
"6756",0.153
"2586",0.015
"157",0.031
"873",0.259
"1454",0.11
"6244",0.095
"4257",0.11
"6730",0.141
"5956",0.034
"4884",0.059
"6306",0.024
"2168",0.096
"2383",0.097
"2603",0.029
"2308",0.102
"6403",0.16
"3800",0.068
"2451",0.162
"2056",0.076
"6796",0.165
"3638",0.167
"4474",0.132
"6749",0.294
"434",0.054
"1978",0.189
"6434",0.228
"3103",0.088
"2108",0.105
"3630",0.04
"6558",0.266
"5969",0.13
"3641",0.053
"4546",0.137
"5841",0.102
"96",0.034
"5532",0.188
"2374",0.239
"7520",0.217
"6702",0.188
"5483",0.171
"742",0.043
"879",0.218
"4865",0.213
"3923",0.044
"380",0.242
"7082",0.065
"5880",0.141
"2694",0.051
"4007",0.262
"93",0.091
"1218",0.084
"632",0.042
"2243",0.046
"7429",0.171
"842",0.233
"117",0.112
"1643",0.167
"3497",0.183
"335",0.014
"2567",0.13
"1148",0
"5413",0.195
"1369",0.063
"6748",0.171
"3025",0.063
"1215",0.181
"4910",0.188
"5539",0.155
"464",0.019
"4601",0.107
"4917",0.117
"6105",0.038
"5558",0.111
"1118",0.219
"2497",0.031
"649",0.08
"6763",0.183
"4094",0.085
"1495",0.087
"1183",0.033
"3043",0.246
"6285",0.141
"3739",0.149
"15",0.232
"6966",0.244
"6542",0.182
"4216",0.111
"1920",0.067
"3066",0.208
"3304",0.25
"803",0.098
"3496",0.188
"2891",0.102
"1865",0.017
"3664",0.203
"4338",0.098
"2804",0.142
"5879",0.141
"3371",0.046
"3473",0.109
"6430",0.175
"2143",0.099
"6427",0.16
"6208",0.181
"2870",0.129
"2781",0.137
"341",0.156
"524",0.232
"4851",0.188
"5274",0.104
"1006",0.091
"5279",0.163
"4845",0.148
"5068",0.206
"3959",0.116
"950",0.088
"4939",0.093
"1011",0.134
"64",0.116
"3179",0.041
"7323",0.242
"1473",0.229
"4635",0.086
"6435",0.228
"1995",0.244
"3413",0.16
"3211",0.03
"5595",0.083
"5027",0.258
"4896",0.164
"3597",0.179
"1993",0.061
"2475",0.122
"6703",0.135
"5608",0.197
"3471",0.202
"3555",0.25
"2901",0.303
"5438",0.034
"2423",0.128
"1839",0.179
"6060",0.132
"2340",0.13
"3964",0.102
"3291",0.044
"2704",0.125
"5083",0.112
"4403",0.25
"4650",0.17
"2206",0.02
"5261",0.105
"4408",0.146
"5884",0.097
"4966",0.147
"1522",0.234
"1275",0.129
"4461",0.413
"3462",0.078
"5654",0.126
"3187",0.011
"4480",0.151
"2155",0.02
"2801",0.137
"936",0.157
"229",0.016
"3913",0.086
"4433",0.126
"7422",0.225
"545",0.115
"1269",0.212
"4968",0.108
"7441",0.129
"4227",0.128
"1963",0.157
"6866",0.083
"6574",0.094
"2752",0.054
"2345",0.13
"6423",0.154
"145",0.061
"6094",0.101
"33",0.078
"3512",0.086
"4096",0.2
"2772",0.341
"3323",0.057
"3716",0.216
"7465",0.113
"2077",0.031
"2356",0.213
"1868",0.09
"1327",0.205
"331",0.062
"6457",0.11
"6567",0.159
"3855",0.064
"1934",0.122
"7320",0.103
"7083",0.156
"933",0.076
"4727",0.148
"2470",0.132
"3854",0.114
"7424",0.171
"5627",0.188
"2693",0.195
"714",0.036
"7446",0.126
"2604",0.021
"2110",0.06
"6787",0.188
"6939",0.188
"3574",0.056
"7620",0.195
"727",0.043
"5197",0.097
"1796",0.076
"6260",0.098
"3791",0.204
"4062",0.237
"608",0.029
"2729",0.185
"6865",0.031
"3798",0.127
"4942",0.109
"2549",0.097
"2466",0.114
"3890",0.193
"6289",0.141
"3284",0.065
"3166",0.15
"1047",0.194
"4838",0.149
"7614",0.075
"1453",0.098
"2800",0.229
"5076",0.07
"3705",0.195
"2755",0.039
"4361",0.095
"3117",0.118
"1296",0.025
"3228",0.115
"3507",0.031
"912",0.144
"1926",0.028
"1915",0.132
"5786",0.063
"3802",0.056
"7482",0.251
"5867",0.199
"2137",0.153
"3919",0.085
"1401",0.095
"1354",0.085
"3587",0.111
"2742",0.06
"7637",0.109
"2942",0.181
"1097",0.069
"1800",0.107
"2074",0.157
"6123",0.141
"4158",0.035
"1056",0.098
"2631",0.06
"4345",0.122
"1170",0.059
"6510",0.188
"5790",0.164
"1077",0.175
"4131",0.061
"712",0.149
"6858",0.141
"6458",0.126
"5188",0.035
"6821",0.094
"2762",0.287
"3243",0.11
"4406",0.057
"7361",0.259
"5543",0.105
"1862",0.114
"1455",0.126
"7492",0.049
"6089",0.089
"547",0.114
"6539",0.041
"1680",0.019
"2215",0.02
"3661",0.211
"5709",0.154
"4452",0.12
"5934",0.103
"3200",0.063
"2647",0.073
"2167",0.096
"4659",0.121
"7649",0.116
"5990",0.141
"1127",0.057
"1186",0.093
"4327",0.11
"4655",0.246
"4561",0.084
"2457",0.203
"6947",0.188
"5523",0.256
"3666",0.188
"2821",0.116
"883",0.022
"5102",0.135
